timestamp,action,path
2026-03-24 19:27:03,MODIFIED,D:\Cyber_Security\Python\my_network_monitor\__pycache__\main_monitor.cpython-314.pyc
2026-03-24 19:29:23,MODIFIED,D:\Cyber_Security\Python\my_network_monitor\defense.py
2026-03-24 19:29:23,MODIFIED,D:\Cyber_Security\Python\my_network_monitor\defense.py
2026-03-24 19:29:28,MODIFIED,D:\Cyber_Security\Python\my_network_monitor\defense.py
2026-03-24 19:29:28,MODIFIED,D:\Cyber_Security\Python\my_network_monitor\defense.py
2026-03-24 19:29:28,MODIFIED,D:\Cyber_Security\Python\my_network_monitor\defense.py
2026-03-24 19:30:11,MODIFIED,D:\Cyber_Security\Python\my_network_monitor\defense.py
2026-03-24 19:30:11,MODIFIED,D:\Cyber_Security\Python\my_network_monitor\defense.py
2026-03-24 19:30:19,MODIFIED,D:\Cyber_Security\Python\my_network_monitor\defense.py
2026-03-24 19:30:19,MODIFIED,D:\Cyber_Security\Python\my_network_monitor\defense.py
2026-03-24 19:30:19,MODIFIED,D:\Cyber_Security\Python\my_network_monitor\defense.py
2026-03-24 19:30:51,MODIFIED,D:\Cyber_Security\Python\my_network_monitor\defense.py
2026-03-24 19:30:51,MODIFIED,D:\Cyber_Security\Python\my_network_monitor\defense.py
2026-03-24 19:30:51,MODIFIED,D:\Cyber_Security\Python\my_network_monitor\defense.py
2026-03-24 19:30:54,MODIFIED,D:\Cyber_Security\Python\my_network_monitor\defense.py
2026-03-24 19:30:54,MODIFIED,D:\Cyber_Security\Python\my_network_monitor\defense.py
2026-03-24 19:30:54,MODIFIED,D:\Cyber_Security\Python\my_network_monitor\defense.py
2026-03-24 19:30:57,MODIFIED,D:\Cyber_Security\Python\my_network_monitor\defense.py
2026-03-24 19:30:57,MODIFIED,D:\Cyber_Security\Python\my_network_monitor\defense.py
